region,model,final_capital_basket,final_capital_strategy,ann_return_basket,ann_return_strategy,ann_vol_basket,ann_vol_strategy,sharpe_basket,sharpe_strategy,n_obs
america,PCA_KMeans,147.80382280813097,116.60266324325272,0.10293024885131064,0.039266432006723306,0.23468546442348232,0.09670207437472804,0.535498112967242,0.44676836048787993,1005
america,SWKMeans,147.80382280813097,123.72043622591478,0.10293024885131064,0.05482240727022014,0.23468546442348232,0.21070664774571116,0.535498112967242,0.35932692395463234,1005
europe,PCA_KMeans,117.51488318492254,144.03979076282013,0.04039685387181602,0.09367332502526993,0.2018880939404445,0.12494002687358055,0.29780865553872526,0.7785626968444875,1027
europe,SWKMeans,117.51488318492254,153.7983561327458,0.04039685387181602,0.11140731033278728,0.2018880939404445,0.1342013278047112,0.29780865553872526,0.8537967592948335,1027
asia,PCA_KMeans,104.19379499324751,135.28523452767715,0.01001396819817213,0.07605282124162827,0.1767548753400989,0.11744254459969126,0.1445407784701188,0.6824533510995217,1039
asia,SWKMeans,104.19379499324751,79.29105269924345,0.01001396819817213,-0.05472593540870807,0.1767548753400989,0.11883027594757402,0.1445407784701188,-0.41400493370876923,1039
