final_capital_basket,final_capital_strategy,ann_return_basket,ann_return_strategy,ann_vol_basket,ann_vol_strategy,sharpe_basket,sharpe_strategy,n_obs
83.82069564486295,79.77812272720308,-0.359018969127887,-0.43409020904828177,0.2916894855375398,0.26207515158176936,-1.3732939279154928,-2.0335391613129747,100
