final_capital_basket,final_capital_strategy,ann_return_basket,ann_return_strategy,ann_vol_basket,ann_vol_strategy,sharpe_basket,sharpe_strategy,n_obs
87.0965585740571,95.90174984868322,-0.28680823761118757,-0.09731389660423495,0.17138862580475764,0.13652152147775562,-1.8856741310380425,-0.6819082488127413,103
