final_capital_basket,final_capital_strategy,ann_return_basket,ann_return_strategy,ann_vol_basket,ann_vol_strategy,sharpe_basket,sharpe_strategy,n_obs
95.54720393511055,112.5386380759381,-0.10643370224060611,0.33889113338059174,0.27791026518686773,0.10069496113118237,-0.262206326290999,2.949439806626164,102
